{"name":"abb94e29-dcfe-4745-880e-805395019215","id":"/providers/Microsoft.Flow/flows/abb94e29-dcfe-4745-880e-805395019215","type":"Microsoft.Flow/flows","properties":{"apiId":"/providers/Microsoft.PowerApps/apis/shared_logicflows","displayName":"Update Business Partner from Power BI","definition":{"metadata":{"workflowEntityId":null,"processAdvisorMetadata":null,"flowclientsuspensionreason":"None","flowclientsuspensiontime":null,"flowclientsuspensionreasondetails":null,"creator":{"id":"156f0fcd-f017-43a3-8217-f3c46c258fc0","type":"User","tenantId":"11fde83f-e4cf-4961-a89a-ab4de66912ce"},"provisioningMethod":"FromDefinition","failureAlertSubscription":true,"clientLastModifiedTime":"2022-08-23T20:43:18.7697128Z"},"$schema":"https://schema.management.azure.com/providers/Microsoft.Logic/schemas/2016-06-01/workflowdefinition.json#","contentVersion":"1.0.0.0","parameters":{"$connections":{"defaultValue":{},"type":"Object"},"$authentication":{"defaultValue":{},"type":"SecureObject"}},"triggers":{"manual":{"splitOn":"@triggerBody()['rows']","metadata":{"operationMetadataId":"d9854f72-b9d6-4af1-b407-2456a8a9dd39"},"type":"Request","kind":"ApiConnection","inputs":{"schema":{"type":"object","properties":{"rows":{"type":"array","items":{"type":"object","properties":{"entity":{"type":"object","properties":{"Power BI values":{"type":"array","items":{"type":"object","properties":{"predOffset":{"title":"Power BI data predOffset","type":"number"},"CUSTOMERNAME":{"title":"Power BI data CUSTOMERNAME","type":"string"}},"required":[]}}},"required":["Power BI values"]}},"required":["entity"]}}},"required":["rows"]},"host":{"connection":{"name":"@parameters('$connections')['shared_powerbi']['connectionId']"},"api":{"runtimeUrl":"https://flow-apim-unitedstates-002-eastus-01.azure-apim.net/apim/powerbi"}},"operationId":"PowerBiButtonClicked","parameters":{"inputsPowerBiData":"{}","pbi_source":"powerAutomate"}}}},"actions":{"FetchBusinessPartnerID":{"runAfter":{"Initialize_variable":["Succeeded"]},"metadata":{"operationMetadataId":"1e708410-28dd-4d81-9d7a-f3bb5c09314c"},"type":"Http","inputs":{"method":"GET","uri":"http://@{variables('ip-address')}:50000/sap/opu/odata/iwbep/GWSAMPLE_BASIC/BusinessPartnerSet?$filter=CompanyName%20eq%20%27@{triggerBody()?['entity']?['Power BI values'][0]['CUSTOMERNAME']}%27&$select=BusinessPartnerID&$format=json","headers":{"X-CSRF-Token":"fetch"},"authentication":{"type":"Basic","username":"S4H_EXT","password":"Welcome1"}}},"UpdateBusinessPartnerRole":{"runAfter":{"FetchBusinessPartnerID":["Succeeded"]},"metadata":{"operationMetadataId":"d0888c78-9888-4c6c-91ae-49766a757149"},"type":"Http","inputs":{"method":"PATCH","uri":"http://@{variables('ip-address')}:50000/sap/opu/odata/iwbep/GWSAMPLE_BASIC/BusinessPartnerSet('@{outputs('FetchBusinessPartnerID')?['body']?['d']?['results'][0]?['BusinessPartnerID']}')","headers":{"X-CSRF-Token":"@{outputs('FetchBusinessPartnerID')['headers']?['x-csrf-token']}","If-Match":"@{outputs('FetchBusinessPartnerID')?['body']?['d']?['results'][0]?['__metadata']?['etag']}"},"cookie":"@{replace(outputs('FetchBusinessPartnerID')['headers']['Set-Cookie'],',',';')}","body":{"d":{"BusinessPartnerRole":"02"}},"authentication":{"type":"Basic","username":"S4H_EXT","password":"Welcome1"}}},"Initialize_variable":{"runAfter":{},"metadata":{"operationMetadataId":"1fd6fbad-25db-4f1c-9393-71031b1b92cf"},"type":"InitializeVariable","inputs":{"variables":[{"name":"ip-address","type":"string","value":"<ENTER MCWSAP-SAP1 IP Address>"}]}}},"description":"Update an Excel table from Power BI"},"connectionReferences":{"shared_powerbi":{"connectionName":"shared-powerbi-f69ade1f-9cc8-4b46-b5d1-f52fcc9d53fb","source":"Embedded","id":"/providers/Microsoft.PowerApps/apis/shared_powerbi","tier":"NotSpecified"}},"flowFailureAlertSubscribed":false,"isManaged":false}}